Row Number,Dataset,SAAP,BP,AAS,TMT/Tissue,Digest,PEP,N Evidence Fragments,N Datasets,Positional Probability,UniProt,RefProteins,Genes,missed_cleavage,AAS_at_peptide_terminus,greater_than_shared,Immunoglobulin,Trypsin,Data Acquisition,Species
0,CCRCC,DFLSPTTK,MFLSPTTK,M to D,S1,Trypsin,0.000246,7,99,0.997,P69905,ref|NP_000508,HBA1;HBA2,FALSE,FALSE,TRUE,NO,YES,TMT,Homo sapiens
1,CCRCC,DFLSPTTK,MFLSPTTK,M to D,S20,Trypsin,6.14e-07,6,99,0.998,P69905,ref|NP_000508,HBA1;HBA2,FALSE,FALSE,TRUE,NO,YES,TMT,Homo sapiens
2,Healthy,DFLSPTTK,MFLSPTTK,M to D,liver,Trypsin,0.00011,5,99,0.994,P69905,ref|NP_000508,HBA1;HBA2,FALSE,FALSE,TRUE,NO,YES,DDA,Homo sapiens
3,CCRCC,VLGAFNDGK,VLGAFSDGK,S to N,S5,Trypsin,0.0000012,11,99,0.994,P68871,ref|NP_000509,HBB,FALSE,FALSE,FALSE,NO,YES,TMT,Homo sapiens
4,CCRCC,VLGAFNDGK,VLGAFSDGK,S to N,S12,Trypsin,0.0000098,9,99,0.996,P68871,ref|NP_000509,HBB,FALSE,FALSE,FALSE,NO,YES,TMT,Homo sapiens
5,CCRCC,LLVVYPWTD,LLVVYPWTQ,Q to D,S18,Trypsin,0.0000102,7,99,0.996,P68871,ref|NP_000509,HBB,FALSE,TRUE,FALSE,NO,YES,TMT,Homo sapiens
6,Healthy,LLVVYPWTD,LLVVYPWTQ,Q to D,heart,LysC,0.0000203,4,99,0.989,P68871,ref|NP_000509,HBB,FALSE,TRUE,FALSE,NO,YES,DDA,Homo sapiens
7,CCRCC,FFESFGDLS,FFESFGDLS,W to D,S1,Trypsin,4.76e-41,5,99,0.993,P68871,ref|NP_000509,HBB,TRUE,FALSE,FALSE,NO,YES,TMT,Homo sapiens
8,CCRCC,HQGVMVGVD,HQGVMVGVG,G to D,S2,Trypsin,0.000123,4,99,0.99,I3L4N8,ENSP00000461407,IGHV,FALSE,TRUE,FALSE,YES,YES,TMT,Homo sapiens
9,PDAC,VGAHADEYG,VGAHAGEYG,G to D,S21,Trypsin,3.4e-46,10,99,1.0,,ENSP00000252519,HBA1;HBA2,FALSE,FALSE,FALSE,NO,YES,TMT,Homo sapiens
